{"payload":{"installed_packages":["asttokens==2.4.1","attrs==23.2.0","backcall==0.2.0","certifi==2024.2.2","charset-normalizer==3.3.2","colorama==0.4.6","comet-ml==3.41.0","configobj==5.0.8","contourpy==1.1.1","cycler==0.12.1","decorator==5.1.1","dulwich==0.22.1","everett==3.1.0","executing==2.0.1","filelock==3.14.0","fonttools==4.51.0","fsspec==2024.3.1","gitdb==4.0.11","gitpython==3.1.43","idna==3.7","importlib-resources==6.4.0","intel-openmp==2021.4.0","ipython==8.12.3","jedi==0.19.1","jinja2==3.1.4","jsonschema==4.22.0","jsonschema-specifications==2023.12.1","kiwisolver==1.4.5","markdown-it-py==3.0.0","markupsafe==2.1.5","matplotlib==3.7.5","matplotlib-inline==0.1.7","mdurl==0.1.2","mkl==2021.4.0","mpmath==1.3.0","networkx==3.1","numpy==1.24.4","opencv-python==4.9.0.80","packaging==24.0","pandas==2.0.3","parso==0.8.4","pickleshare==0.7.5","pillow==10.3.0","pip==23.3.1","pkgutil-resolve-name==1.3.10","prompt-toolkit==3.0.43","psutil==5.9.8","pure-eval==0.2.2","py-cpuinfo==9.0.0","pygments==2.18.0","pyparsing==3.1.2","python-box==6.1.0","python-dateutil==2.9.0.post0","pytz==2024.1","pyyaml==6.0.1","referencing==0.35.1","requests==2.31.0","requests-toolbelt==1.0.0","rich==13.7.1","rpds-py==0.18.0","scipy==1.10.1","seaborn==0.13.2","semantic-version==2.10.0","sentry-sdk==2.1.0","setuptools==69.5.1","simplejson==3.19.2","six==1.16.0","smmap==5.0.1","stack-data==0.6.3","sympy==1.12","tbb==2021.12.0","thop==0.1.1.post2209072238","torch==2.3.0","torchvision==0.18.0","tqdm==4.66.4","traitlets==5.14.3","typing-extensions==4.11.0","tzdata==2024.1","ultralytics==8.2.9","urllib3==2.2.1","wcwidth==0.2.13","websocket-client==1.3.3","wheel==0.43.0","wrapt==1.16.0","wurlitzer==3.1.0","zipp==3.18.1"],"local_timestamp":1715081513378,"message_id":1},"type":"ws_msg"}
{"payload":{"env_details":{"command":["c:/Users/Garfield/Desktop/yolov5-master/train.py"],"env":null,"hostname":"DESKTOP-SQ2Q8R2","ip":"192.168.1.101","machine":"AMD64","os":"Windows-10-10.0.19044-SP0","os_release":"10","os_type":"Windows","pid":12660,"processor":"AMD64 Family 23 Model 96 Stepping 1, AuthenticAMD","python_exe":"C:\\Users\\Garfield\\miniconda3\\envs\\yolov5\\python.exe","python_version":"3.8.19","python_version_verbose":"3.8.19 (default, Mar 20 2024, 19:55:45) [MSC v.1916 64 bit (AMD64)]","user":"Garfield"},"local_timestamp":1715081513490,"message_id":2},"type":"ws_msg"}
{"payload":{"gpu_static_info":[{"gpu_index":0,"name":"NVIDIA GeForce RTX 2060 with Max-Q Design","power_limit":65000,"total_memory":6442450944,"uuid":"GPU-1d32abf6-a2cb-fe56-cc47-229114920e57"}],"local_timestamp":1715081513524,"message_id":3},"type":"ws_msg"}
{"payload":{"local_timestamp":1715081513525,"message_id":4,"metric":{"epoch":null,"metricName":"sys.gpu.0.total_memory","metricValue":6442450944,"step":null}},"type":"metric_msg"}
{"payload":{"local_timestamp":1715081513526,"log_other":{"key":"offline_experiment","val":true},"message_id":5},"type":"ws_msg"}
{"payload":{"local_timestamp":1715081513526,"log_other":{"key":"Name","val":"exp"},"message_id":6},"type":"ws_msg"}
{"payload":{"local_timestamp":1715081513527,"message_id":7,"stderr":true,"stdout":"Traceback (most recent call last):\n"},"type":"ws_msg"}
{"payload":{"local_timestamp":1715081513528,"message_id":8,"stderr":true,"stdout":"  File \"c:/Users/Garfield/Desktop/yolov5-master/train.py\", line 849, in <module>\n"},"type":"ws_msg"}
{"payload":{"local_timestamp":1715081513529,"message_id":9,"stderr":true,"stdout":"    "},"type":"ws_msg"}
{"payload":{"local_timestamp":1715081513529,"message_id":10,"stderr":true,"stdout":"main(opt)"},"type":"ws_msg"}
{"payload":{"local_timestamp":1715081513529,"message_id":11,"stderr":true,"stdout":"\n"},"type":"ws_msg"}
{"payload":{"local_timestamp":1715081513529,"message_id":12,"stderr":true,"stdout":"  File \"c:/Users/Garfield/Desktop/yolov5-master/train.py\", line 624, in main\n"},"type":"ws_msg"}
{"payload":{"local_timestamp":1715081513530,"message_id":13,"metric":{"epoch":null,"metricName":"sys.gpu.0.gpu_utilization","metricValue":1,"step":null}},"type":"metric_msg"}
{"payload":{"local_timestamp":1715081513530,"message_id":14,"metric":{"epoch":null,"metricName":"sys.gpu.0.power_usage","metricValue":9588,"step":null}},"type":"metric_msg"}
{"payload":{"local_timestamp":1715081513530,"message_id":15,"metric":{"epoch":null,"metricName":"sys.gpu.0.temperature","metricValue":55,"step":null}},"type":"metric_msg"}
{"payload":{"local_timestamp":1715081513530,"message_id":16,"metric":{"epoch":null,"metricName":"sys.gpu.0.memory_utilization","metricValue":7,"step":null}},"type":"metric_msg"}
{"payload":{"local_timestamp":1715081513530,"message_id":17,"metric":{"epoch":null,"metricName":"sys.gpu.0.free_memory","metricValue":5472071680,"step":null}},"type":"metric_msg"}
{"payload":{"local_timestamp":1715081513530,"message_id":18,"metric":{"epoch":null,"metricName":"sys.gpu.0.used_memory","metricValue":970379264,"step":null}},"type":"metric_msg"}
{"payload":{"local_timestamp":1715081513530,"message_id":19,"metric":{"epoch":null,"metricName":"sys.gpu.0.percent.used_memory","metricValue":15.062268575032553,"step":null}},"type":"metric_msg"}
{"payload":{"local_timestamp":1715081513531,"message_id":20,"stderr":true,"stdout":"    "},"type":"ws_msg"}
{"payload":{"local_timestamp":1715081513531,"message_id":21,"stderr":true,"stdout":"train(opt.hyp, opt, device, callbacks)"},"type":"ws_msg"}
{"payload":{"local_timestamp":1715081513531,"message_id":22,"stderr":true,"stdout":"\n"},"type":"ws_msg"}
{"payload":{"local_timestamp":1715081513532,"message_id":23,"stderr":true,"stdout":"  File \"c:/Users/Garfield/Desktop/yolov5-master/train.py\", line 154, in train\n"},"type":"ws_msg"}
{"payload":{"local_timestamp":1715081513532,"message_id":24,"stderr":true,"stdout":"    "},"type":"ws_msg"}
{"payload":{"local_timestamp":1715081513532,"message_id":25,"stderr":true,"stdout":"loggers = Loggers("},"type":"ws_msg"}
{"payload":{"local_timestamp":1715081513533,"message_id":26,"stderr":true,"stdout":"\n"},"type":"ws_msg"}
{"payload":{"local_timestamp":1715081513533,"message_id":27,"stderr":true,"stdout":"  File \"c:\\Users\\Garfield\\Desktop\\yolov5-master\\utils\\loggers\\__init__.py\", line 148, in __init__\n"},"type":"ws_msg"}
{"payload":{"local_timestamp":1715081513534,"message_id":28,"stderr":true,"stdout":"    "},"type":"ws_msg"}
{"payload":{"local_timestamp":1715081513534,"message_id":29,"stderr":true,"stdout":"self.comet_logger = CometLogger(self.opt, self.hyp)"},"type":"ws_msg"}
{"payload":{"local_timestamp":1715081513535,"message_id":30,"stderr":true,"stdout":"\n"},"type":"ws_msg"}
{"payload":{"local_timestamp":1715081513535,"message_id":31,"stderr":true,"stdout":"  File \"c:\\Users\\Garfield\\Desktop\\yolov5-master\\utils\\loggers\\comet\\__init__.py\", line 97, in __init__\n"},"type":"ws_msg"}
{"payload":{"local_timestamp":1715081513535,"message_id":32,"stderr":true,"stdout":"    "},"type":"ws_msg"}
{"payload":{"local_timestamp":1715081513535,"message_id":33,"stderr":true,"stdout":"self.data_dict = self.check_dataset(self.opt.data)"},"type":"ws_msg"}
{"payload":{"local_timestamp":1715081513536,"message_id":34,"stderr":true,"stdout":"\n"},"type":"ws_msg"}
{"payload":{"local_timestamp":1715081513536,"message_id":35,"stderr":true,"stdout":"  File \"c:\\Users\\Garfield\\Desktop\\yolov5-master\\utils\\loggers\\comet\\__init__.py\", line 247, in check_dataset\n"},"type":"ws_msg"}
{"payload":{"local_timestamp":1715081513537,"message_id":36,"stderr":true,"stdout":"    "},"type":"ws_msg"}
{"payload":{"local_timestamp":1715081513537,"message_id":37,"stderr":true,"stdout":"data_config = yaml.safe_load(f)"},"type":"ws_msg"}
{"payload":{"local_timestamp":1715081513537,"message_id":38,"stderr":true,"stdout":"\n"},"type":"ws_msg"}
{"payload":{"local_timestamp":1715081513537,"message_id":39,"stderr":true,"stdout":"  File \"C:\\Users\\Garfield\\miniconda3\\envs\\yolov5\\lib\\site-packages\\yaml\\__init__.py\", line 125, in safe_load\n"},"type":"ws_msg"}
{"payload":{"local_timestamp":1715081513538,"message_id":40,"stderr":true,"stdout":"    "},"type":"ws_msg"}
{"payload":{"local_timestamp":1715081513538,"message_id":41,"stderr":true,"stdout":"return load(stream, SafeLoader)"},"type":"ws_msg"}
{"payload":{"local_timestamp":1715081513539,"message_id":42,"stderr":true,"stdout":"\n"},"type":"ws_msg"}
{"payload":{"local_timestamp":1715081513540,"message_id":43,"stderr":true,"stdout":"  File \"C:\\Users\\Garfield\\miniconda3\\envs\\yolov5\\lib\\site-packages\\yaml\\__init__.py\", line 79, in load\n"},"type":"ws_msg"}
{"payload":{"local_timestamp":1715081513542,"message_id":44,"stderr":true,"stdout":"    "},"type":"ws_msg"}
{"payload":{"local_timestamp":1715081513542,"message_id":45,"stderr":true,"stdout":"loader = Loader(stream)"},"type":"ws_msg"}
{"payload":{"local_timestamp":1715081513542,"message_id":46,"stderr":true,"stdout":"\n"},"type":"ws_msg"}
{"payload":{"local_timestamp":1715081513543,"message_id":47,"stderr":true,"stdout":"  File \"C:\\Users\\Garfield\\miniconda3\\envs\\yolov5\\lib\\site-packages\\yaml\\loader.py\", line 34, in __init__\n"},"type":"ws_msg"}
{"payload":{"local_timestamp":1715081513543,"message_id":48,"stderr":true,"stdout":"    "},"type":"ws_msg"}
{"payload":{"local_timestamp":1715081513544,"message_id":49,"stderr":true,"stdout":"Reader.__init__(self, stream)"},"type":"ws_msg"}
{"payload":{"local_timestamp":1715081513544,"message_id":50,"stderr":true,"stdout":"\n"},"type":"ws_msg"}
{"payload":{"local_timestamp":1715081513544,"message_id":51,"stderr":true,"stdout":"  File \"C:\\Users\\Garfield\\miniconda3\\envs\\yolov5\\lib\\site-packages\\yaml\\reader.py\", line 85, in __init__\n"},"type":"ws_msg"}
{"payload":{"local_timestamp":1715081513547,"message_id":52,"stderr":true,"stdout":"    "},"type":"ws_msg"}
{"payload":{"local_timestamp":1715081513547,"message_id":53,"stderr":true,"stdout":"self.determine_encoding()"},"type":"ws_msg"}
{"payload":{"local_timestamp":1715081513547,"message_id":54,"stderr":true,"stdout":"\n"},"type":"ws_msg"}
{"payload":{"local_timestamp":1715081513547,"message_id":55,"stderr":true,"stdout":"  File \"C:\\Users\\Garfield\\miniconda3\\envs\\yolov5\\lib\\site-packages\\yaml\\reader.py\", line 124, in determine_encoding\n"},"type":"ws_msg"}
{"payload":{"local_timestamp":1715081513548,"message_id":56,"stderr":true,"stdout":"    "},"type":"ws_msg"}
{"payload":{"local_timestamp":1715081513548,"message_id":57,"stderr":true,"stdout":"self.update_raw()"},"type":"ws_msg"}
{"payload":{"local_timestamp":1715081513549,"message_id":58,"stderr":true,"stdout":"\n"},"type":"ws_msg"}
{"payload":{"local_timestamp":1715081513549,"message_id":59,"stderr":true,"stdout":"  File \"C:\\Users\\Garfield\\miniconda3\\envs\\yolov5\\lib\\site-packages\\yaml\\reader.py\", line 178, in update_raw\n"},"type":"ws_msg"}
{"payload":{"local_timestamp":1715081513550,"message_id":60,"stderr":true,"stdout":"    "},"type":"ws_msg"}
{"payload":{"local_timestamp":1715081513550,"message_id":61,"stderr":true,"stdout":"data = self.stream.read(size)"},"type":"ws_msg"}
{"payload":{"local_timestamp":1715081513551,"message_id":62,"stderr":true,"stdout":"\n"},"type":"ws_msg"}
{"payload":{"local_timestamp":1715081513551,"message_id":63,"stderr":true,"stdout":"UnicodeDecodeError"},"type":"ws_msg"}
{"payload":{"local_timestamp":1715081513551,"message_id":64,"stderr":true,"stdout":": "},"type":"ws_msg"}
{"payload":{"local_timestamp":1715081513551,"message_id":65,"stderr":true,"stdout":"'gbk' codec can't decode byte 0x80 in position 234: illegal multibyte sequence"},"type":"ws_msg"}
{"payload":{"local_timestamp":1715081513551,"message_id":66,"stderr":true,"stdout":"\n"},"type":"ws_msg"}
{"payload":{"local_timestamp":1715081513595,"message_id":67,"stderr":true,"stdout":"\u001b[1;38;5;39mCOMET INFO:\u001b[0m Couldn't find a Git repository in 'C:\\\\Users\\\\Garfield\\\\Desktop\\\\yolov5-master' nor in any parent directory. Set `COMET_GIT_DIRECTORY` if your Git Repository is elsewhere.\n"},"type":"ws_msg"}
{"payload":{"local_timestamp":1715081514031,"message_id":68,"metric":{"epoch":null,"metricName":"sys.cpu.percent.avg","metricValue":0.0,"step":null}},"type":"metric_msg"}
{"payload":{"local_timestamp":1715081514031,"message_id":69,"metric":{"epoch":null,"metricName":"sys.ram.total","metricValue":16556589056,"step":null}},"type":"metric_msg"}
{"payload":{"local_timestamp":1715081514031,"message_id":70,"metric":{"epoch":null,"metricName":"sys.ram.used","metricValue":8916205568,"step":null}},"type":"metric_msg"}
{"payload":{"local_timestamp":1715081514031,"message_id":71,"metric":{"epoch":null,"metricName":"sys.ram.available","metricValue":7640383488,"step":null}},"type":"metric_msg"}
{"payload":{"local_timestamp":1715081514031,"message_id":72,"metric":{"epoch":null,"metricName":"sys.ram.percent.used","metricValue":53.9,"step":null}},"type":"metric_msg"}
{"payload":{"local_timestamp":1715081514031,"message_id":73,"metric":{"epoch":null,"metricName":"sys.load.avg","metricValue":0.0,"step":null}},"type":"metric_msg"}
{"payload":{"additional_params":{"assetId":"affa7a1493c2496c8fcac444c61b6ece","context":null,"epoch":null,"extension":"yml","fileName":"conda-environment.yml","overwrite":false,"runId":null,"step":null,"type":"conda-environment-definition"},"clean":true,"file_path":"tmp54uudeyt","local_timestamp":1715081520345,"message_id":74,"metadata":{},"upload_type":"conda-environment-definition"},"type":"file_upload"}
{"payload":{"additional_params":{"assetId":"ff6014f2a87545c4bd1b709139de7889","context":null,"epoch":null,"extension":"txt","fileName":"conda-spec.txt","overwrite":false,"runId":null,"step":null,"type":"conda-specification"},"clean":true,"file_path":"tmphlx2o5si","local_timestamp":1715081521748,"message_id":75,"metadata":{},"upload_type":"conda-specification"},"type":"file_upload"}
{"payload":{"additional_params":{"assetId":"8a4ef856da6945a88a5cb2851adc01be","context":null,"epoch":null,"extension":"yml","fileName":"conda-info.yml","overwrite":false,"runId":null,"step":null,"type":"conda-info"},"clean":true,"file_path":"tmpsysahmie","local_timestamp":1715081523867,"message_id":76,"metadata":{},"upload_type":"conda-info"},"type":"file_upload"}
{"payload":{"local_timestamp":1715081523865,"message_id":77,"stderr":true,"stdout":"\u001b[1;38;5;39mCOMET INFO:\u001b[0m ---------------------------------------------------------------------------------------\n"},"type":"ws_msg"}
{"payload":{"local_timestamp":1715081523866,"message_id":78,"stderr":true,"stdout":"\u001b[1;38;5;39mCOMET INFO:\u001b[0m Comet.ml OfflineExperiment Summary\n"},"type":"ws_msg"}
{"payload":{"local_timestamp":1715081523867,"message_id":79,"stderr":true,"stdout":"\u001b[1;38;5;39mCOMET INFO:\u001b[0m ---------------------------------------------------------------------------------------\n"},"type":"ws_msg"}
{"payload":{"local_timestamp":1715081523868,"message_id":80,"stderr":true,"stdout":"\u001b[1;38;5;39mCOMET INFO:\u001b[0m   Data:\n"},"type":"ws_msg"}
{"payload":{"local_timestamp":1715081523869,"message_id":81,"stderr":true,"stdout":"\u001b[1;38;5;39mCOMET INFO:\u001b[0m     display_summary_level : 1\n"},"type":"ws_msg"}
{"payload":{"local_timestamp":1715081523870,"message_id":82,"stderr":true,"stdout":"\u001b[1;38;5;39mCOMET INFO:\u001b[0m     name                  : exp\n"},"type":"ws_msg"}
{"payload":{"local_timestamp":1715081523870,"message_id":83,"stderr":true,"stdout":"\u001b[1;38;5;39mCOMET INFO:\u001b[0m     url                   : [OfflineExperiment will get URL after upload]\n"},"type":"ws_msg"}
{"payload":{"local_timestamp":1715081523871,"message_id":84,"stderr":true,"stdout":"\u001b[1;38;5;39mCOMET INFO:\u001b[0m   Others:\n"},"type":"ws_msg"}
{"payload":{"local_timestamp":1715081523872,"message_id":85,"stderr":true,"stdout":"\u001b[1;38;5;39mCOMET INFO:\u001b[0m     Name               : exp\n"},"type":"ws_msg"}
{"payload":{"local_timestamp":1715081523873,"message_id":86,"stderr":true,"stdout":"\u001b[1;38;5;39mCOMET INFO:\u001b[0m     offline_experiment : True\n"},"type":"ws_msg"}
{"payload":{"local_timestamp":1715081523873,"message_id":87,"stderr":true,"stdout":"\u001b[1;38;5;39mCOMET INFO:\u001b[0m   Uploads:\n"},"type":"ws_msg"}
{"payload":{"local_timestamp":1715081523874,"message_id":88,"stderr":true,"stdout":"\u001b[1;38;5;39mCOMET INFO:\u001b[0m     conda-environment-definition : 1\n"},"type":"ws_msg"}
{"payload":{"local_timestamp":1715081523875,"message_id":89,"stderr":true,"stdout":"\u001b[1;38;5;39mCOMET INFO:\u001b[0m     conda-info                   : 1\n"},"type":"ws_msg"}
{"payload":{"local_timestamp":1715081523875,"message_id":90,"stderr":true,"stdout":"\u001b[1;38;5;39mCOMET INFO:\u001b[0m     conda-specification          : 1\n"},"type":"ws_msg"}
{"payload":{"local_timestamp":1715081523876,"message_id":91,"stderr":true,"stdout":"\u001b[1;38;5;39mCOMET INFO:\u001b[0m     environment details          : 1\n"},"type":"ws_msg"}
{"payload":{"local_timestamp":1715081523877,"message_id":92,"stderr":true,"stdout":"\u001b[1;38;5;39mCOMET INFO:\u001b[0m     installed packages           : 1\n"},"type":"ws_msg"}
{"payload":{"local_timestamp":1715081523877,"message_id":93,"stderr":true,"stdout":"\u001b[1;38;5;39mCOMET INFO:\u001b[0m \n"},"type":"ws_msg"}
